Scenario_ID,Hour,Wind_Power_MW,Solar_Power_MW,Base_Elec_Load_MW,ALKEL_Power_MW,PEMEL_Power_MW,AMU_Power_MW,BESS_Charge_MW,BESS_Discharge_MW,Curtailment_MW,Power_Deficit_MW,BESS_SOC_Percentage,Thermal_Load_MW,EB_Power_MW,WHRU_Heat_MW
1,1,9.776,0,1.3698,20,6.53508334789452,0.961403333915781,0,19.0902866818103,0,0,0.491103437710483,3.1934,0,3.1934
1,2,10.904,0,1.0998,20,0,0.7,0,10.8958,0,0,0.42892088653861,3.27285,0,3.27285
1,3,15.152,0,0.7998,20,0,0.7,0,6.3478,0,0,0.392665301791502,3.3187,0,3.3187
1,4,13.312,0,0.99,20,0,0.7,0,8.378,0,0,0.344848876993252,3.22525,0,3.22525
1,5,15.072,0,1.1802,20,0,0.7,0,6.8082,0,0,0.305986744824691,3.2571,0,3.2571
1,6,18.724,0,1.6302,20,0,0.7,0,3.6062,0,0,0.285377399327578,3.0947,0,3.0947
1,7,9.628,14.08,2.5002,20,2,0.78,0,1.5722,0,0,0.276361919289308,3.12025,0,3.12025
1,8,22.804,25.6,3.3702,20,20,1.5,3.53380000000001,0,0,0,0.292616493059296,2.84305,0,2.84305
1,9,17.852,37.12,4.0098,20,20,1.5,9.4622,0,0,0,0.336229662068376,2.53435,0,2.53435
1,10,14.328,46.08,4.2,20,20,1.5,14.708,0,0,0,0.40404549305904,2.2792,0,2.2792
1,11,11.904,52.48,4.1202,20,20,1.5,18.7638,0,0,0,0.490566837806582,2.0629,0,2.0629
1,12,7.736,55.04,3.9,20,20,1.5,17.376,0,0,0,0.570665647515944,1.78675,0,1.78675
1,13,8.556,56.32,3.2598,20,20,1.5,20.1162,0,0,0,0.66339551438644,1.4763,0,1.4763
1,14,14.52,56.32,2.6898,20,20,1.5,26.6502,0,0,0,0.786263758360486,1.5862,0,1.5862
1,15,6.708,52.48,3.63,20,20,1.5,14.058,0,0,0,0.850989582531891,1.43745,0,1.43745
1,16,11.176,44.8,3.8202,20,20,1.5,10.6558,0,0,0,0.9,1.71185,0,1.71185
1,17,10.108,33.28,3.75,20,18.2096153846154,1.42838461538462,0,0,0,0,0.89982,2.0734,0,2.0734
1,18,6.384,24.32,3.1398,20,6.60019230769231,0.964007692307692,0,0,0,0,0.899640036,2.14725,0,2.14725
1,19,6.428,11.52,2.61,20,0,0.7,0,5.362,0,0,0.868907401440093,2.56235,0,2.56235
1,20,5.736,0,2.1198,10.8002924123158,0,0.378010234431054,0,7.5621026467469,0,0,0.825644715989738,2.62115,0,2.62115
1,21,3.752,0,1.86,11.1950934579439,0,0.391828271028037,0,9.69492172897196,0,0,0.770237867793138,2.8749,0,2.8749
1,22,3.692,0,1.6302,11.7920560747664,0,0.412721962616822,0,10.1429780373832,0,0,0.712289073567824,3.0282,0,3.0282
1,23,4.88,0,1.56,11.5985202492212,0,0.405948208722741,0,8.68446845794392,0,0,0.662662464995595,2.9785,0,2.9785
1,24,3.192,0,1.4802,12.2568146417445,0,0.428988512461059,0,10.9740031542056,0,0,0.6,3.14755,0,3.14755
2,1,9.776,0,1.3698,12.4353582554517,0,0.43523753894081,0,4.46439579439252,0,0,0.574441847325399,3.1934,0,3.1934
2,2,10.904,0,1.0998,12.7447429906542,0,0.446066004672897,0,3.3866089953271,0,0,0.555030041603642,3.27285,0,3.27285
2,3,15.152,0,0.7998,13.8668599033816,0,0.485340096618358,0,0,0,0,0.554919035595322,3.3187,0,3.3187
2,4,13.312,0,0.99,12.5593847352025,0,0.439578465732087,0,0.676963200934576,0,0,0.550950711611937,3.22525,0,3.22525
2,5,15.072,0,1.1802,13.4220289855072,0,0.469771014492754,0,0,0,0,0.550840521469615,3.2571,0,3.2571
2,6,18.724,0,1.6302,16.5157487922705,0,0.578051207729469,0,0,0,0,0.550730353365321,3.0947,0,3.0947
2,7,9.628,0,2.5002,12.1505062305296,0,0.425267718068536,0,5.44797394859813,0,0,0.519577620692949,3.12025,0,3.12025
2,8,22.804,3.2,3.3702,20,0,0.7,1.9338,0,0,0,0.528398935938041,2.84305,0,2.84305
2,9,17.852,10.88,4.0098,20,3.8675,0.8547,0,0,0,0,0.528293256150854,2.53435,0,2.53435
2,10,14.328,17.92,4.2,20,7.06538461538462,0.982615384615385,0,0,0,0,0.528187597499624,2.2792,0,2.2792
2,11,11.904,24.96,4.1202,20,11.5805769230769,1.16322307692308,0,0,0,0,0.528081959980124,2.0629,0,2.0629
2,12,7.736,31.36,3.9,20,13.9384615384615,1.25753846153846,0,0,0,0,0.527976343588128,1.78675,0,1.78675
2,13,8.556,35.84,3.2598,20,2.64646407961201,0.80585856318448,17.6838773572035,0,0,0,0.609488643814196,1.4763,0,1.4763
2,14,14.52,37.12,2.6898,20,0,0.7,28.2502,0,0,0,0.739752284546971,1.5862,0,1.5862
2,15,6.708,32,3.63,20,0,0.7,14.378,0,0,0,0.805964334090062,1.43745,0,1.43745
2,16,11.176,25.6,3.8202,20,0,0.7,12.2558,0,0,0,0.862368371992475,1.71185,0,1.71185
2,17,10.108,19.2,3.75,20,0,0.7,4.858,0,0,0,0.884617436779615,2.0734,0,2.0734
2,18,6.384,9.6,3.1398,12.4098550724638,0,0.434344927536232,0,0,0,0,0.884440513292259,2.14725,0,2.14725
2,19,6.428,3.2,2.61,9.9779984423676,0,0.349229945482866,0,3.30922838785046,0,0,0.865407622979626,2.56235,0,2.56235
2,20,5.736,0,2.1198,10.2069704049844,0,0.357243964174455,0,6.94801436915888,0,0,0.825644715989738,2.62115,0,2.62115
2,21,3.752,0,1.86,11.1950934579439,0,0.391828271028037,0,9.69492172897196,0,0,0.770237867793138,2.8749,0,2.8749
2,22,3.692,0,1.6302,11.7920560747664,0,0.412721962616822,0,10.1429780373832,0,0,0.712289073567824,3.0282,0,3.0282
2,23,4.88,0,1.56,11.5985202492212,0,0.405948208722741,0,8.68446845794392,0,0,0.662662464995595,2.9785,0,2.9785
2,24,3.192,0,1.4802,12.2568146417445,0,0.428988512461059,0,10.9740031542056,0,0,0.6,3.14755,0,3.14755
3,1,9.776,0,1.3698,12.4353582554517,0,0.43523753894081,0,4.46439579439252,0,0,0.574441847325399,3.1934,0,3.1934
3,2,10.904,0,1.0998,12.7447429906542,0,0.446066004672897,0,3.3866089953271,0,0,0.555030041603642,3.27285,0,3.27285
3,3,15.152,0,0.7998,13.8668599033816,0,0.485340096618358,0,0,0,0,0.554919035595322,3.3187,0,3.3187
3,4,13.312,0,0.99,12.5593847352025,0,0.439578465732087,0,0.676963200934576,0,0,0.550950711611937,3.22525,0,3.22525
3,5,15.072,0,1.1802,13.4220289855072,0,0.469771014492754,0,0,0,0,0.550840521469615,3.2571,0,3.2571
3,6,18.724,0,1.6302,16.5157487922705,0,0.578051207729469,0,0,0,0,0.550730353365321,3.0947,0,3.0947
3,7,9.628,0,2.5002,12.1505062305296,0,0.425267718068536,0,5.44797394859813,0,0,0.519577620692949,3.12025,0,3.12025
3,8,22.804,1.28,3.3702,20,0,0.7,0.0138000000000034,0,0,0,0.519537397476503,2.84305,0,2.84305
3,9,17.852,3.2,4.0098,16.4658937198068,0,0.576306280193237,0,0,0,0,0.519433489997008,2.53435,0,2.53435
3,10,14.328,5.12,4.2,14.7323671497585,0,0.515632850241546,0,0,0,0,0.519329603299008,2.2792,0,2.2792
3,11,11.904,7.68,4.1202,14.9408695652174,0,0.522930434782609,0,0,0,0,0.519225737378349,2.0629,0,2.0629
3,12,7.736,11.52,3.9,14.8367149758454,0,0.519285024154589,0,0,0,0,0.519121892230873,1.78675,0,1.78675
3,13,8.556,14.08,3.2598,5.74883177570093,0,0.201209112149533,13.4261591121495,0,0,0,0.580984956062348,1.4763,0,1.4763
3,14,14.52,14.08,2.6898,6.17679127725857,0,0.21618769470405,19.5172210280374,0,0,0,0.670948240739,1.5862,0,1.5862
3,15,6.708,11.52,3.63,5.59754672897196,0,0.195914135514019,8.80453913551402,0,0,0,0.711450385562455,1.43745,0,1.43745
3,16,11.176,7.04,3.8202,6.66608255451713,0,0.2333128894081,7.49640455607477,0,0,0,0.74590688574415,1.71185,0,1.71185
3,17,10.108,5.12,3.75,8.07398753894081,0,0.282589563862928,3.12142289719626,0,0,0,0.76016427158483,2.0734,0,2.0734
3,18,6.384,3.2,3.1398,8.36156542056075,0,0.292654789719626,0,2.21002021028037,0,0,0.747419530979627,2.14725,0,2.14725
3,19,6.428,1.28,2.61,9.9779984423676,0,0.349229945482866,0,5.22922838785046,0,0,0.717473873923287,2.56235,0,2.56235
3,20,5.736,0,2.1198,10.2069704049844,0,0.357243964174455,0,6.94801436915888,0,0,0.677740553683209,2.62115,0,2.62115
3,21,3.752,0,1.86,8.63123379349248,0,0.302093182772237,0,7.73437872556065,0,0,0.633534471523694,2.8749,0.693051749295926,2.21650083816887
3,22,3.692,0,1.6302,0,0,0,0,1.12577894736842,0,0,0.626993069772589,3.0282,3.18757894736842,0
3,23,4.88,0,1.56,4.28571428571429,0,0.15,0,3.09248120300752,0,0,0.609246695642922,2.9785,1.97676691729323,1.10057142857143
3,24,3.192,0,1.4802,0,0,0,0,1.60141052631579,0,0,0.6,3.14755,3.31321052631579,0
4,1,9.776,0,1.3698,12.4353582554517,0,0.43523753894081,0,4.46439579439252,0,0,0.574441847325399,3.1934,0,3.1934
4,2,10.904,0,1.0998,12.7447429906542,0,0.446066004672897,0,3.3866089953271,0,0,0.555030041603642,3.27285,0,3.27285
4,3,15.152,0,0.7998,13.8668599033816,0,0.485340096618358,0,0,0,0,0.554919035595322,3.3187,0,3.3187
4,4,13.312,0,0.99,12.5593847352025,0,0.439578465732087,0,0.676963200934576,0,0,0.550950711611937,3.22525,0,3.22525
4,5,15.072,0,1.1802,13.4220289855072,0,0.469771014492754,0,0,0,0,0.550840521469615,3.2571,0,3.2571
4,6,18.724,0,1.6302,12.737075303083,0,0.445797635607905,3.9109270613091,0,0,0,0.568780785955978,3.0947,0,3.0947
4,7,9.628,0,2.5002,12.1505062305296,0,0.425267718068536,0,5.44797394859813,0,0,0.537624443197089,3.12025,0,3.12025
4,8,22.804,0,3.3702,11.0710669781931,0,0.38748734423676,7.9752456775701,0,0,0,0.574325744512619,2.84305,0,2.84305
4,9,17.852,0,4.0098,9.86896417445483,0,0.345413746105919,3.62782207943926,0,0,0,0.590954673576513,2.53435,0,2.53435
4,10,14.328,0,4.2,8.87538940809969,0,0.310638629283489,0.941971962616828,0,0,0,0.595184045546183,2.2792,0,2.2792
4,11,11.904,0,4.1202,8.03309968847352,0,0.281158489096573,0,0.530458177570091,0,0,0.592042455018726,2.0629,0,2.0629
4,12,7.736,1.28,3.9,6.9577492211838,0,0.243521222741433,0,2.08527044392523,0,0,0.580042163656353,1.78675,0,1.78675
4,13,8.556,5.12,3.2598,5.74883177570093,0,0.201209112149533,4.46615911214954,0,0,0,0.600539197279697,1.4763,0,1.4763
4,14,14.52,7.68,2.6898,6.17679127725857,0,0.21618769470405,13.1172210280374,0,0,0,0.660960109569644,1.5862,0,1.5862
4,15,6.708,5.12,3.63,5.59754672897196,0,0.195914135514019,2.40453913551402,0,0,0,0.671925790480872,1.43745,0,1.43745
4,16,11.176,1.28,3.8202,6.66608255451713,0,0.2333128894081,1.73640455607477,0,0,0,0.679805580196967,1.71185,0,1.71185
4,17,10.108,0,3.75,5.46038956569619,0,0.191113634799367,0,0,0,0,0.679669619080927,2.0734,0.70649679950444,1.40222804047078
4,18,6.384,0,3.1398,4.28571428571429,0,0.15,0,2.29328120300752,0,0,0.666466555795245,2.14725,1.10176691729323,1.10057142857143
4,19,6.428,0,2.61,4.28571428571429,0,0.15,0,2.15642857142857,0,0,0.654045920196744,2.56235,1.53871428571429,1.10057142857143
4,20,5.736,0,2.1198,4.28571428571429,0,0.15,0,2.42012330827068,0,0,0.640125234612302,2.62115,1.60060902255639,1.10057142857143
4,21,3.752,0,1.86,0,0,0,0,1.13421052631579,0,0,0.633534471523694,2.8749,3.02621052631579,0
4,22,3.692,0,1.6302,0,0,0,0,1.12577894736842,0,0,0.626993069772589,3.0282,3.18757894736842,0
4,23,4.88,0,1.56,4.28571428571429,0,0.15,0,3.09248120300752,0,0,0.609246695642922,2.9785,1.97676691729323,1.10057142857143
4,24,3.192,0,1.4802,0,0,0,0,1.60141052631579,0,0,0.6,3.14755,3.31321052631579,0
5,1,5.312,0,1.3698,12.4353582554517,0,0.43523753894081,0,8.92839579439252,0,0,0.549005949889501,3.1934,0,3.1934
5,2,8.5,0,1.0998,12.7447429906542,0,0.446066004672897,0,5.7906089953271,0,0,0.515901225649226,3.27285,0,3.27285
5,3,9.38,0,0.7998,12.9232866043614,0,0.452315031152648,0,4.79540163551402,0,0,0.488473819560712,3.3187,0,3.3187
5,4,10.304,0,0.99,12.5593847352025,0,0.439578465732087,0,3.68496320093458,0,0,0.467379183480933,3.22525,0,3.22525
5,5,9.9,0,1.1802,12.6834112149533,0,0.443919392523364,0,4.40753060747663,0,0,0.442171573128701,3.2571,0,3.2571
5,6,9.62,0,1.6302,12.0510124610592,0,0.421785436137072,0,4.48299789719626,0,0,0.416538991251703,3.0947,0,3.0947
5,7,9.14,14.08,2.5002,20,0,0.7,0.0198,0,0,0,0.416547068068837,3.12025,0,3.12025
5,8,7.64,25.6,3.3702,20,8.81711538461539,1.05268461538462,0,0,0,0,0.416463758655224,2.84305,0,2.84305
5,9,4.748,37.12,4.0098,20,16.4982692307692,1.35993076923077,0,0,0,0,0.416380465903492,2.53435,0,2.53435
5,10,4.86,46.08,4.2,20,20,1.5,5.23999999999999,0,0,0,0.440481805194927,2.2792,0,2.2792
5,11,5.336,52.48,4.1202,20,20,1.5,12.1958,0,0,0,0.496682016526196,2.0629,0,2.0629
5,12,4.292,55.04,3.9,20,20,1.5,13.932,0,0,0,0.560884218584429,1.78675,0,1.78675
5,13,4.168,56.32,3.2598,20,20,1.5,15.7282,0,0,0,0.633363734048405,1.4763,0,1.4763
5,14,6.788,56.32,2.6898,20,20,1.5,18.9182,0,0,0,0.720551830532364,1.5862,0,1.5862
5,15,8.364,52.48,3.63,20,20,1.5,15.714,0,0,0,0.792933874012411,1.43745,0,1.43745
5,16,8.404,44.8,3.8202,20,20,1.5,7.88379999999999,0,0,0,0.829162056468378,1.71185,0,1.71185
5,17,5.896,33.28,3.75,20,6.1465948728135,0.94586379491254,8.33354133227396,0,0,0,0.867458722513733,2.0734,0,2.0734
5,18,6.608,24.32,3.1398,20,0,0.7,7.0882,0,0,0,0.9,2.14725,0,2.14725
5,19,6.252,11.52,2.61,14.6115942028985,0,0.511405797101449,0.0389999999999999,0,0,0,0.9,2.56235,0,2.56235
5,20,4.312,0,2.1198,10.2069704049844,0,0.357243964174455,0,8.37201436915888,0,0,0.852116214420747,2.62115,0,2.62115
5,21,2.328,0,1.86,11.1950934579439,0,0.391828271028037,0,11.118921728972,0,0,0.788590111810501,2.8749,0,2.8749
5,22,1.492,0,1.6302,11.7920560747664,0,0.412721962616822,0,12.3429780373832,0,0,0.718102034600771,3.0282,0,3.0282
5,23,2.124,0,1.56,11.5985202492212,0,0.405948208722741,0,11.4404684579439,0,0,0.652770559732632,2.9785,0,2.9785
5,24,3.696,0,1.4802,10.6461076978577,0,0.372613769425021,0,9.23832098643026,0,0,0.6,3.14755,0.43539951914751,2.73392045680987
6,1,5.312,0,1.3698,12.4353582554517,0,0.43523753894081,0,8.92839579439252,0,0,0.549005949889501,3.1934,0,3.1934
6,2,8.5,0,1.0998,12.7447429906542,0,0.446066004672897,0,5.7906089953271,0,0,0.515901225649226,3.27285,0,3.27285
6,3,9.38,0,0.7998,12.9232866043614,0,0.452315031152648,0,4.79540163551402,0,0,0.488473819560712,3.3187,0,3.3187
6,4,10.304,0,0.99,12.5593847352025,0,0.439578465732087,0,3.68496320093458,0,0,0.467379183480933,3.22525,0,3.22525
6,5,9.9,0,1.1802,12.6834112149533,0,0.443919392523364,0,4.40753060747663,0,0,0.442171573128701,3.2571,0,3.2571
6,6,9.62,0,1.6302,12.0510124610592,0,0.421785436137072,0,4.48299789719626,0,0,0.416538991251703,3.0947,0,3.0947
6,7,9.14,0,2.5002,12.1505062305296,0,0.425267718068536,0,5.93597394859813,0,0,0.382632470071127,3.12025,0,3.12025
6,8,7.64,3.2,3.3702,11.0710669781931,0,0.38748734423676,0,3.9887543224299,0,0,0.359827998719963,2.84305,0,2.84305
6,9,4.748,10.88,4.0098,11.2253140096618,0,0.392885990338164,0,0,0,0,0.359756033120219,2.53435,0,2.53435
6,10,4.86,17.92,4.2,17.951690821256,0,0.628309178743961,0,0,0,0,0.359684081913595,2.2792,0,2.2792
6,11,5.336,24.96,4.1202,20,0,0.7,5.4758,0,0,0,0.384885068174135,2.0629,0,2.0629
6,12,4.292,31.36,3.9,20,0,0.7,11.052,0,0,0,0.435817321929731,1.78675,0,1.78675
6,13,4.168,35.84,3.2598,20,0,0.7,16.0482,0,0,0,0.50979877384996,1.4763,0,1.4763
6,14,6.788,37.12,2.6898,20,0,0.7,20.5182,0,0,0,0.604396198710575,1.5862,0,1.5862
6,15,8.364,32,3.63,18.3255785094167,0,0.641395247829585,17.7670262427537,0,0,0,0.686276979052773,1.43745,0,1.43745
6,16,8.404,25.6,3.8202,6.66608255451713,0,0.2333128894081,23.2844045560748,0,0,0,0.793606206223462,1.71185,0,1.71185
6,17,5.896,19.2,3.75,8.07398753894081,0,0.282589563862928,12.9894228971963,0,0,0,0.853398667584661,2.0734,0,2.0734
6,18,6.608,9.6,3.1398,8.36156542056075,0,0.292654789719626,4.41397978971963,0,0,0,0.873600202265235,2.14725,0,2.14725
6,19,6.252,3.2,2.61,9.9779984423676,0,0.349229945482866,0,3.48522838785046,0,0,0.853566631011959,2.56235,0,2.56235
6,20,4.312,0,2.1198,10.2069704049844,0,0.357243964174455,0,8.37201436915888,0,0,0.805692132106503,2.62115,0,2.62115
6,21,2.328,0,1.86,11.1950934579439,0,0.391828271028037,0,11.118921728972,0,0,0.742175314312721,2.8749,0,2.8749
6,22,1.492,0,1.6302,11.7920560747664,0,0.412721962616822,0,12.3429780373832,0,0,0.67169652006249,3.0282,0,3.0282
6,23,2.124,0,1.56,11.5985202492212,0,0.405948208722741,0,11.4404684579439,0,0,0.606374326297258,2.9785,0,2.9785
6,24,3.696,0,1.4802,0,0,0,0,1.09741052631579,0,0,0.6,3.14755,3.31321052631579,0
7,1,5.312,0,1.3698,12.4353582554517,0,0.43523753894081,0,8.92839579439252,0,0,0.549005949889501,3.1934,0,3.1934
7,2,8.5,0,1.0998,12.7447429906542,0,0.446066004672897,0,5.7906089953271,0,0,0.515901225649226,3.27285,0,3.27285
7,3,9.38,0,0.7998,12.3569573252146,0,0.43249350638251,0,4.36233857779171,0,0,0.490941415331209,3.3187,0.153087746194631,3.1732666411151
7,4,10.304,0,0.99,7.74045013421433,0,0.270915754697502,0,0,0,0,0.490843227048143,3.22525,1.30263411108817,1.98774759446624
7,5,9.9,0,1.1802,6.91955399545736,0,0.242184389841008,0,0,0,0,0.490745058402734,3.2571,1.55806161470163,1.77694146603345
7,6,9.62,0,1.6302,6.18846445040953,0,0.216596255764333,0,0,0,0,0.490646909391053,3.0947,1.58473929382614,1.58919767086517
7,7,9.14,0,2.5002,4.38785876522817,0,0.153575056782986,0,0,0,0,0.490548780009175,3.12025,2.09836617798885,1.12680213091059
7,8,7.64,1.28,3.3702,4.28571428571429,0,0.15,0,0.720102255639097,0,0,0.486347523497395,2.84305,1.83418796992481,1.10057142857143
7,9,4.748,3.2,4.0098,4.28571428571429,0,0.15,0,2.00675488721804,0,0,0.474815753210826,2.53435,1.50924060150376,1.10057142857143
7,10,4.86,5.12,4.2,4.42122651249226,0,0.154742927937229,0,0,0,0,0.474720790060184,2.2792,1.20403055957051,1.13537096840801
7,11,5.336,7.68,4.1202,8.03309968847352,0,0.281158489096573,0.581541822429907,0,0,0,0.477309885082618,2.0629,0,2.0629
7,12,4.292,11.52,3.9,6.9577492211838,0,0.243521222741433,4.71072955607477,0,0,0,0.498956251825946,1.78675,0,1.78675
7,13,4.168,14.08,3.2598,5.74883177570093,0,0.201209112149533,9.03815911214953,0,0,0,0.540571041093194,1.4763,0,1.4763
7,14,6.788,14.08,2.6898,6.17679127725857,0,0.21618769470405,11.7852210280374,0,0,0,0.594856254706686,1.5862,0,1.5862
7,15,8.364,11.52,3.63,5.59754672897196,0,0.195914135514019,10.460539135514,0,0,0,0.643016694850425,1.43745,0,1.43745
7,16,8.404,7.04,3.8202,6.66608255451713,0,0.2333128894081,4.72440455607477,0,0,0,0.664693035616416,1.71185,0,1.71185
7,17,5.896,5.12,3.75,6.64780783261064,0,0.232673274141372,0,0,0,0,0.664560097009292,2.0734,0.385518893247987,1.70715705141441
7,18,6.608,3.2,3.1398,5.76438846445041,0,0.201753596255764,0,0,0,0,0.664427184989891,2.14725,0.702057939293826,1.48029495767087
7,19,6.252,1.28,2.61,4.28571428571429,0,0.15,0,1.05242857142857,0,0,0.658297555556149,2.56235,1.53871428571429,1.10057142857143
7,20,4.312,0,2.1198,0,0,0,0,0.566905263157895,0,0,0.654935666625334,2.62115,2.75910526315789,0
7,21,2.328,0,1.86,0,0,0,0,2.55821052631579,0,0,0.640227981336364,2.8749,3.02621052631579,0
7,22,1.492,0,1.6302,0,0,0,0,3.32577894736842,0,0,0.621149628347684,3.0282,3.18757894736842,0
7,23,2.124,0,1.56,0,0,0,0,2.57126315789474,0,0,0.606374326297258,2.9785,3.13526315789474,0
7,24,3.696,0,1.4802,0,0,0,0,1.09741052631579,0,0,0.6,3.14755,3.31321052631579,0
8,1,5.312,0,1.3698,1.92771956197168e-08,0,6.74701846690088e-10,0.580726301048507,0,0,0,0.602560275235608,3.1934,3.3614736789996,4.95038365855294e-09
8,2,8.5,0,1.0998,5.17219354394659,0,0.181026774038131,0,0,0,0,0.602439763180561,3.27285,2.04697968201528,1.32821930208548
8,3,9.38,0,0.7998,6.65219905017551,0,0.232826966756143,0,0,0,0,0.602319275227925,3.3187,1.69517398306835,1.70828471608507
8,4,10.304,0,0.99,7.74045013421433,0,0.270915754697502,0,0,0,0,0.60219881137288,3.22525,1.30263411108817,1.98774759446624
8,5,9.9,0,1.1802,6.91955399545736,0,0.242184389841008,0,0,0,0,0.602078371610605,3.2571,1.55806161470163,1.77694146603345
8,6,9.62,0,1.6302,6.18846445040953,0,0.216596255764333,0,0,0,0,0.601957955936283,3.0947,1.58473929382614,1.58919767086517
8,7,9.14,0,2.5002,4.38785876522817,0,0.153575056782986,0,0,0,0,0.601837564345096,3.12025,2.09836617798885,1.12680213091059
8,8,7.64,0,3.3702,0,0,0,1.27711578947369,0,0,0,0.607611577399028,2.84305,2.99268421052632,0
8,9,4.748,0,4.0098,0,0,0,0,1.92953684210526,0,0,0.596495543162721,2.53435,2.66773684210526,0
8,10,4.86,0,4.2,0,0,0,0,1.73915789473684,0,0,0.586466512460146,2.2792,2.39915789473684,0
8,11,5.336,0,4.1202,0,0,0,0,0.955673684210526,0,0,0.580903785059589,2.0629,2.17147368421053,0
8,12,4.292,1.28,3.9,0,0,0,0,0.208789473684211,0,0,0.57959792069184,1.78675,1.88078947368421,0
8,13,4.168,5.12,3.2598,5.74883177570093,0,0.201209112149533,0.0781591121495344,0,0,0,0.579842735471469,1.4763,0,1.4763
8,14,6.788,7.68,2.6898,5.46606405199478,0,0.191312241819817,5.92870291518778,0,0,0,0.607090011148319,1.5862,0.192120790997623,1.40368524855226
8,15,8.364,5.12,3.63,4.28571428571429,0,0.15,5.06367669172933,0,0,0,0.630339408646378,1.43745,0.354609022556391,1.10057142857143
8,16,8.404,1.28,3.8202,0,0,0,4.06185263157895,0,0,0,0.648960352910398,1.71185,1.80194736842105,0
8,17,5.896,0,3.75,0,0,0,0,0.0365263157894744,0,0,0.64862243368432,2.0734,2.18252631578947,0
8,18,6.608,0,3.1398,0,0,0,1.20793684210526,0,0,0,0.654067802314992,2.14725,2.26026315789474,0
8,19,6.252,0,2.61,0,0,0,0.944789473684211,0,0,0,0.658297555556149,2.56235,2.69721052631579,0
8,20,4.312,0,2.1198,0,0,0,0,0.566905263157895,0,0,0.654935666625334,2.62115,2.75910526315789,0
8,21,2.328,0,1.86,0,0,0,0,2.55821052631579,0,0,0.640227981336364,2.8749,3.02621052631579,0
8,22,1.492,0,1.6302,0,0,0,0,3.32577894736842,0,0,0.621149628347684,3.0282,3.18757894736842,0
8,23,2.124,0,1.56,0,0,0,0,2.57126315789474,0,0,0.606374326297258,2.9785,3.13526315789474,0
8,24,3.696,0,1.4802,0,0,0,0,1.09741052631579,0,0,0.6,3.14755,3.31321052631579,0
9,1,11.904,0,1.3698,20,2.12244364807637,0.784897745923055,0,12.3731413939994,0,0,0.529377769834761,3.1934,0,3.1934
9,2,13.384,0,1.0998,20,0,0.7,0,8.4158,0,0,0.481318617927518,3.27285,0,3.27285
9,3,14.268,0,0.7998,20,0,0.7,0,7.2318,0,0,0.440015516597095,3.3187,0,3.3187
9,4,15.72,0,0.99,20,0,0.7,0,5.97,0,0,0.405910419476681,3.22525,0,3.22525
9,5,15.088,0,1.1802,20,0,0.7,0,6.7922,0,0,0.367127243090792,3.2571,0,3.2571
9,6,13.476,0,1.6302,20,0,0.7,0,8.8542,0,0,0.316602535590892,3.0947,0,3.0947
9,7,13.832,14.08,2.5002,20,4.53057692307692,0.881223076923077,0,0,0,0,0.316539215083773,3.12025,0,3.12025
9,8,12.76,25.6,3.3702,20,13.7401923076923,1.24960769230769,0,0,0,0,0.316475907240757,2.84305,0,2.84305
9,9,10.712,37.12,4.0098,20,20,1.5,2.3222,0,0,0,0.327130458213155,2.53435,0,2.53435
9,10,11.916,46.08,4.2,20,20,1.5,12.296,0,0,0,0.383815801352281,2.2792,0,2.2792
9,11,8.804,52.48,4.1202,20,20,1.5,15.6638,0,0,0,0.456033499730472,2.0629,0,2.0629
9,12,9.3,55.04,3.9,20,20,1.5,18.94,0,0,0,0.543357677645911,1.78675,0,1.78675
9,13,9.012,56.32,3.2598,20,20,1.5,20.5722,0,0,0,0.638197621494997,1.4763,0,1.4763
9,14,10.704,56.32,2.6898,20,20,1.5,22.8342,0,0,0,0.743458597355313,1.5862,0,1.5862
9,15,10.604,52.48,3.63,20,20,1.5,17.954,0,0,0,0.826174521020458,1.43745,0,1.43745
9,16,14.552,44.8,3.8202,20,20,1.5,14.0318,0,0,0,0.890771439962408,1.71185,0,1.71185
9,17,13.724,33.28,3.75,20,20,1.5,1.754,0,0,0,0.8986886702898,2.0734,0,2.0734
9,18,12.348,24.32,3.1398,20,12.3348076923077,1.19339230769231,0,0,0,0,0.898508932555742,2.14725,0,2.14725
9,19,12.152,11.52,2.61,20,0,0.7,0.362000000000002,0,0,0,0.9,2.56235,0,2.56235
9,20,9.236,0,2.1198,20,0,0.7,0,13.5838,0,0,0.82241943019943,2.62115,0,2.62115
9,21,7.228,0,1.86,20,0,0.7,0,15.332,0,0,0.734893122951567,2.8749,0,2.8749
9,22,6.252,0,1.6302,14.4127951254849,0,0.504447829391972,0,10.2954429548769,0,0,0.676082651706595,3.0282,0,3.0282
9,23,6.452,0,1.56,11.5985202492212,0,0.405948208722741,0,7.11246845794392,0,0,0.635420549376004,2.9785,0,2.9785
9,24,7.972,0,1.4802,12.2568146417445,0,0.428988512461059,0,6.1940031542056,0,0,0.6,3.14755,0,3.14755
10,1,11.904,0,1.3698,12.4353582554517,0,0.43523753894081,0,2.33639579439252,0,0,0.586567203450755,3.1934,0,3.1934
10,2,13.384,0,1.0998,12.7447429906542,0,0.446066004672897,0,0.906608995327099,0,0,0.581284026788828,3.27285,0,3.27285
10,3,14.268,0,0.7998,13.0127536231884,0,0.455446376811594,0,0,0,0,0.58116776998347,3.3187,0,3.3187
10,4,15.72,0,0.99,14.231884057971,0,0.498115942028986,0,0,0,0,0.581051536429473,3.22525,0,3.22525
10,5,15.088,0,1.1802,13.4374879227053,0,0.470312077294686,0,0,0,0,0.580935326122187,3.2571,0,3.2571
10,6,13.476,0,1.6302,12.0510124610592,0,0.421785436137072,0,0.62699789719626,0,0,0.577246501466101,3.0947,0,3.0947
10,7,13.832,0,2.5002,12.1505062305296,0,0.425267718068536,0,1.24397394859813,0,0,0.570042881518525,3.12025,0,3.12025
10,8,12.76,3.2,3.3702,12.1640579710145,0,0.425742028985507,0,0,0,0,0.569928872942221,2.84305,0,2.84305
10,9,10.712,10.88,4.0098,16.9876328502415,0,0.594567149758454,0,0,0,0,0.569814887167633,2.53435,0,2.53435
10,10,11.916,17.92,4.2,20,4.74615384615385,0.889846153846154,0,0,0,0,0.569700924190199,2.2792,0,2.2792
10,11,8.804,24.96,4.1202,20,8.5998076923077,1.04399230769231,0,0,0,0,0.569586984005361,2.0629,0,2.0629
10,12,9.3,31.36,3.9,20,15.4423076923077,1.31769230769231,0,0,0,0,0.56947306660856,1.78675,0,1.78675
10,13,9.012,35.84,3.2598,20,20,1.5,0.0922000000000054,0,0,0,0.569784710456777,1.4763,0,1.4763
10,14,10.704,37.12,2.6898,20,19.3567607677886,1.47427043071154,4.30316880149983,0,0,0,0.589531532598531,1.5862,0,1.5862
10,15,10.604,32,3.63,20,2,0.78,16.194,0,0,0,0.66415516475355,1.43745,0,1.43745
10,16,14.552,25.6,3.8202,20,0,0.7,15.6318,0,0,0,0.736169102951369,1.71185,0,1.71185
10,17,13.724,19.2,3.75,20,0,0.7,8.474,0,0,0,0.775132638361548,2.0734,0,2.0734
10,18,12.348,9.6,3.1398,18.1721739130435,0,0.636026086956522,0,0,0,0,0.774977611833875,2.14725,0,2.14725
10,19,12.152,3.2,2.61,12.3111111111111,0,0.430888888888889,0,0,0,0,0.774822616311509,2.56235,0,2.56235
10,20,9.236,0,2.1198,10.2069704049844,0,0.357243964174455,0,3.44801436915887,0,0,0.755020846265974,2.62115,0,2.62115
10,21,7.228,0,1.86,11.1950934579439,0,0.391828271028037,0,6.21892172897196,0,0,0.719434390649587,2.8749,0,2.8749
10,22,6.252,0,1.6302,11.7920560747664,0,0.412721962616822,0,7.58297803738317,0,0,0.676082651706595,3.0282,0,3.0282
10,23,6.452,0,1.56,11.5985202492212,0,0.405948208722741,0,7.11246845794392,0,0,0.635420549376004,2.9785,0,2.9785
10,24,7.972,0,1.4802,12.2568146417445,0,0.428988512461059,0,6.1940031542056,0,0,0.6,3.14755,0,3.14755
11,1,11.904,0,1.3698,12.4353582554517,0,0.43523753894081,0,2.33639579439252,0,0,0.586567203450755,3.1934,0,3.1934
11,2,13.384,0,1.0998,12.7447429906542,0,0.446066004672897,0,0.906608995327099,0,0,0.581284026788828,3.27285,0,3.27285
11,3,14.268,0,0.7998,13.0127536231884,0,0.455446376811594,0,0,0,0,0.58116776998347,3.3187,0,3.3187
11,4,15.72,0,0.99,14.231884057971,0,0.498115942028986,0,0,0,0,0.581051536429473,3.22525,0,3.22525
11,5,15.088,0,1.1802,13.4374879227053,0,0.470312077294686,0,0,0,0,0.580935326122187,3.2571,0,3.2571
11,6,13.476,0,1.6302,12.0510124610592,0,0.421785436137072,0,0.62699789719626,0,0,0.577246501466101,3.0947,0,3.0947
11,7,13.832,0,2.5002,12.1505062305296,0,0.425267718068536,0,1.24397394859813,0,0,0.570042881518525,3.12025,0,3.12025
11,8,12.76,1.28,3.3702,11.0710669781931,0,0.38748734423676,0,0.788754322429904,0,0,0.565434546318689,2.84305,0,2.84305
11,9,10.712,3.2,4.0098,9.86896417445483,0,0.345413746105919,0,0.312177920560746,0,0,0.563542667839279,2.53435,0,2.53435
11,10,11.916,5.12,4.2,12.4019323671498,0,0.434067632850242,0,0,0,0,0.563429959305711,2.2792,0,2.2792
11,11,8.804,7.68,4.1202,11.9457004830918,0,0.418099516908213,0,0,0,0,0.56331727331385,2.0629,0,2.0629
11,12,9.3,11.52,3.9,16.3478260869565,0,0.572173913043478,0,0,0,0,0.563204609859187,1.78675,0,1.78675
11,13,9.012,14.08,3.2598,19.1615458937198,0,0.670654106280193,0,0,0,0,0.563091968937215,1.4763,0,1.4763
11,14,10.704,14.08,2.6898,20,0,0.7,1.3942,0,0,0,0.569414119774197,1.5862,0,1.5862
11,15,10.604,11.52,3.63,5.59754672897196,0,0.195914135514019,12.700539135514,0,0,0,0.627918109883384,1.43745,0,1.43745
11,16,14.552,7.04,3.8202,6.66608255451713,0,0.2333128894081,10.8724045560748,0,0,0,0.677972854981752,1.71185,0,1.71185
11,17,13.724,5.12,3.75,8.07398753894081,0,0.282589563862928,6.73742289719626,0,0,0,0.708933058397816,2.0734,0,2.0734
11,18,12.348,3.2,3.1398,8.36156542056075,0,0.292654789719626,3.75397978971963,0,0,0,0.726117332354073,2.14725,0,2.14725
11,19,12.152,1.28,2.61,9.9779984423676,0,0.349229945482866,0.494771612149536,0,0,0,0.728255670174446,2.56235,0,2.56235
11,20,9.236,0,2.1198,10.2069704049844,0,0.357243964174455,0,3.44801436915887,0,0,0.708463213518139,2.62115,0,2.62115
11,21,7.228,0,1.86,11.1950934579439,0,0.391828271028037,0,6.21892172897196,0,0,0.672886069428301,2.8749,0,2.8749
11,22,6.252,0,1.6302,11.7920560747664,0,0.412721962616822,0,7.58297803738317,0,0,0.629543640149554,3.0282,0,3.0282
11,23,6.452,0,1.56,8.8923454924893,0,0.311232092237126,0,5.04309935054616,0,0,0.600682122586503,2.9785,0.731521765819733,2.28355432247125
11,24,7.972,0,1.4802,4.28571428571429,0,0.15,0,0.0986285714285708,0,0,0.6,3.14755,2.15471428571429,1.10057142857143
12,1,11.904,0,1.3698,12.4353582554517,0,0.43523753894081,0,2.33639579439252,0,0,0.586567203450755,3.1934,0,3.1934
12,2,13.384,0,1.0998,12.7447429906542,0,0.446066004672897,0,0.906608995327099,0,0,0.581284026788828,3.27285,0,3.27285
12,3,14.268,0,0.7998,13.0127536231884,0,0.455446376811594,0,0,0,0,0.58116776998347,3.3187,0,3.3187
12,4,15.72,0,0.99,14.231884057971,0,0.498115942028986,0,0,0,0,0.581051536429473,3.22525,0,3.22525
12,5,15.088,0,1.1802,13.4374879227053,0,0.470312077294686,0,0,0,0,0.580935326122187,3.2571,0,3.2571
12,6,13.476,0,1.6302,12.0510124610592,0,0.421785436137072,0,0.62699789719626,0,0,0.577246501466101,3.0947,0,3.0947
12,7,13.832,0,2.5002,12.1505062305296,0,0.425267718068536,0,1.24397394859813,0,0,0.570042881518525,3.12025,0,3.12025
12,8,12.76,0,3.3702,11.0710669781931,0,0.38748734423676,0,2.0687543224299,0,0,0.558141099025242,2.84305,0,2.84305
12,9,10.712,0,4.0098,9.86896417445483,0,0.345413746105919,0,3.51217792056075,0,0,0.538017061001672,2.53435,0,2.53435
12,10,11.916,0,4.2,8.87538940809969,0,0.310638629283489,0,1.47002803738317,0,0,0.529533229456234,2.2792,0,2.2792
12,11,8.804,0,4.1202,8.03309968847352,0,0.281158489096573,0,3.63045817757009,0,0,0.508740951428177,2.0629,0,2.0629
12,12,9.3,1.28,3.9,6.9577492211838,0,0.243521222741433,0,0.521270443925231,0,0,0.505669001278203,1.78675,0,1.78675
12,13,9.012,5.12,3.2598,5.74883177570093,0,0.201209112149533,4.92215911214954,0,0,0,0.528285524918638,1.4763,0,1.4763
12,14,10.704,7.68,2.6898,6.17679127725857,0,0.21618769470405,9.30122102803739,0,0,0,0.57110858025075,1.5862,0,1.5862
12,15,10.604,5.12,3.63,5.59754672897196,0,0.195914135514019,6.30053913551402,0,0,0,0.60007376992938,1.43745,0,1.43745
12,16,14.552,1.28,3.8202,6.66608255451713,0,0.2333128894081,5.11240455607477,0,0,0,0.623549468511124,1.71185,0,1.71185
12,17,13.724,0,3.75,8.07398753894081,0,0.282589563862928,1.61742289719626,0,0,0,0.630889787373712,2.0734,0,2.0734
12,18,12.348,0,3.1398,8.36156542056075,0,0.292654789719626,0.553979789719627,0,0,0,0.633320439214943,2.14725,0,2.14725
12,19,12.152,0,2.61,9.9779984423676,0,0.349229945482866,0,0.785228387850463,0,0,0.628719539298893,2.56235,0,2.56235
12,20,9.236,0,2.1198,6.39685264347749,0,0.223889842521712,0,0.534477476688652,0,0,0.625548339683405,2.62115,1.02993499068945,1.64271175884502
12,21,7.228,0,1.86,4.28571428571429,0,0.15,0,0.935428571428571,0,0,0.620093152685391,2.8749,1.86771428571429,1.10057142857143
12,22,6.252,0,1.6302,4.28571428571429,0,0.15,0,1.8429969924812,0,0,0.609467726690289,3.0282,2.02908270676692,1.10057142857143
12,23,6.452,0,1.56,4.28571428571429,0,0.15,0,1.52048120300752,0,0,0.600682122586503,2.9785,1.97676691729323,1.10057142857143
12,24,7.972,0,1.4802,4.28571428571429,0,0.15,0,0.0986285714285708,0,0,0.6,3.14755,2.15471428571429,1.10057142857143
13,1,13.496,0,1.3698,20,20,1.5,0,29.3738,0,0,0.43250792022792,3.1934,0,3.1934
13,2,14.084,0,1.0998,20,20,1.5,0,28.5158,0,0,0.269938227760684,3.27285,0,3.27285
13,3,13.092,0,0.7998,20,15.3214348313102,1.31285739325241,0,24.3420922245626,0,0,0.131182859918194,3.3187,0,3.3187
13,4,20.168,0,0.99,20,0,0.7,0,1.522,0,0,0.122484258673845,3.22525,0,3.22525
13,5,19.276,0,1.1802,20,0,0.7,0,2.6042,0,0,0.107621015383364,3.2571,0,3.2571
13,6,23.08,0,1.6302,20,2,0.78,0,1.3302,0,0,0.1000200040008,3.0947,0,3.0947
13,7,28.356,14.08,2.5002,20,18.4959615384615,1.43983846153846,0,0,0,0,0.1,3.12025,0,3.12025
13,8,26.36,25.6,3.3702,20,20,1.5,7.0898,0,0,0,0.132702153846154,2.84305,0,2.84305
13,9,25.076,37.12,4.0098,20,20,1.5,16.6862,0,0,0,0.209688844184615,2.53435,0,2.53435
13,10,22.112,46.08,4.2,20,20,1.5,22.492,0,0,0,0.313456137185009,2.2792,0,2.2792
13,11,8.996,52.48,4.1202,20,20,1.5,15.8558,0,0,0,0.386574061342188,2.0629,0,2.0629
13,12,7.652,55.04,3.9,20,20,1.5,17.292,0,0,0,0.46630597729915,1.78675,0,1.78675
13,13,10.816,56.32,3.2598,20,20,1.5,22.3762,0,0,0,0.569487485334459,1.4763,0,1.4763
13,14,10.952,56.32,2.6898,20,20,1.5,23.0822,0,0,0,0.675906818606623,1.5862,0,1.5862
13,15,15.152,52.48,3.63,20,20,1.5,22.502,0,0,0,0.779627021858287,1.43745,0,1.43745
13,16,21.66,44.8,3.8202,20,20,1.5,21.1398,0,0,0,0.877039404146223,1.71185,0,1.71185
13,17,17.16,33.28,3.75,20,20,1.5,5.01280080916479,0,0,0,0.9,2.0734,0.177199190835204,1.90506076870656
13,18,16.612,24.32,3.1398,20,16.4348076923077,1.35739230769231,0,0,0,0,0.89982,2.14725,0,2.14725
13,19,15.328,11.52,2.61,20,3.40192307692308,0.836076923076923,0,0,0,0,0.899640036,2.56235,0,2.56235
13,20,9.416,0,2.1198,20,0,0.7,0,13.4038,0,0,0.823085179217871,2.62115,0,2.62115
13,21,8.808,0,1.86,20,0,0.7,0,13.752,0,0,0.744561587823053,2.8749,0,2.8749
13,22,5.216,0,1.6302,15.2365758683663,0,0.533280155392819,0,12.1840560237591,0,0,0.674987854857289,3.0282,0,3.0282
13,23,6.152,0,1.56,11.5985202492212,0,0.405948208722741,0,7.41246845794392,0,0,0.632616569776665,2.9785,0,2.9785
13,24,8.464,0,1.4802,12.2568146417445,0,0.428988512461059,0,5.7020031542056,0,0,0.6,3.14755,0,3.14755
14,1,13.496,0,1.3698,12.4353582554517,0,0.43523753894081,0,0.744395794392521,0,0,0.59563842852198,3.1934,0,3.1934
14,2,14.084,0,1.0998,12.7447429906542,0,0.446066004672897,0,0.206608995327098,0,0,0.594342041603642,3.27285,0,3.27285
14,3,13.092,0,0.7998,12.9232866043614,0,0.452315031152648,0,1.08340163551402,0,0,0.588049944502934,3.3187,0,3.3187
14,4,20.168,0,0.99,18.5294685990338,0,0.648531400966184,0,0,0,0,0.587932334514033,3.22525,0,3.22525
14,5,19.276,0,1.1802,17.4838647342995,0,0.611935265700483,0,0,0,0,0.587814748047131,3.2571,0,3.2571
14,6,23.08,0,1.6302,20,0,0.7,0.7498,0,0,0,0.591157800482137,3.0947,0,3.0947
14,7,28.356,0,2.5002,20,4.9575,0.8983,0,0,0,0,0.59103956892204,3.12025,0,3.12025
14,8,26.36,3.2,3.3702,20,5.27865384615384,0.911146153846154,0,0,0,0,0.590921361008256,2.84305,0,2.84305
14,9,25.076,10.88,4.0098,20,10.8136538461538,1.13254615384615,0,0,0,0,0.590803176736054,2.53435,0,2.53435
14,10,22.112,17.92,4.2,20,14.55,1.282,0,0,0,0,0.590685016100707,2.2792,0,2.2792
14,11,8.996,24.96,4.1202,20,8.78442307692308,1.05137692307692,0,0,0,0,0.590566879097487,2.0629,0,2.0629
14,12,7.652,31.36,3.9,20,13.8576923076923,1.25430769230769,0,0,0,0,0.590448765721667,1.78675,0,1.78675
14,13,10.816,35.84,3.2598,20,20,1.5,1.89620000000001,0,0,0,0.599082368276216,1.4763,0,1.4763
14,14,10.952,37.12,2.6898,20,20,1.5,3.8822,0,0,0,0.616880397956406,1.5862,0,1.5862
14,15,15.152,32,3.63,20,20,1.5,2.022,0,0,0,0.626089329569123,1.43745,0,1.43745
14,16,21.66,25.6,3.8202,20,5.58057707176393,0.923223082870557,16.9359998453655,0,0,0,0.704130264835665,1.71185,0,1.71185
14,17,17.16,19.2,3.75,20,0,0.7,11.91,0,0,0,0.758958669551929,2.0734,0,2.0734
14,18,16.612,9.6,3.1398,20,0,0.7,2.3722,0,0,0,0.769755493202634,2.14725,0,2.14725
14,19,15.328,3.2,2.61,15.3797101449275,0,0.538289855072464,0,0,0,0,0.769601542103994,2.56235,0,2.56235
14,20,9.416,0,2.1198,10.2069704049844,0,0.357243964174455,0,3.26801436915887,0,0,0.750826457298941,2.62115,0,2.62115
14,21,8.808,0,1.86,11.1950934579439,0,0.391828271028037,0,4.63892172897196,0,0,0.724243689563197,2.8749,0,2.8749
14,22,5.216,0,1.6302,11.7920560747664,0,0.412721962616822,0,8.61897803738318,0,0,0.674987854857289,3.0282,0,3.0282
14,23,6.152,0,1.56,11.5985202492212,0,0.405948208722741,0,7.41246845794392,0,0,0.632616569776665,2.9785,0,2.9785
14,24,8.464,0,1.4802,12.2568146417445,0,0.428988512461059,0,5.7020031542056,0,0,0.6,3.14755,0,3.14755
15,1,13.496,0,1.3698,12.4353582554517,0,0.43523753894081,0,0.744395794392521,0,0,0.59563842852198,3.1934,0,3.1934
15,2,14.084,0,1.0998,12.7447429906542,0,0.446066004672897,0,0.206608995327098,0,0,0.594342041603642,3.27285,0,3.27285
15,3,13.092,0,0.7998,12.9232866043614,0,0.452315031152648,0,1.08340163551402,0,0,0.588049944502934,3.3187,0,3.3187
15,4,20.168,0,0.99,18.5294685990338,0,0.648531400966184,0,0,0,0,0.587932334514033,3.22525,0,3.22525
15,5,19.276,0,1.1802,17.4838647342995,0,0.611935265700483,0,0,0,0,0.587814748047131,3.2571,0,3.2571
15,6,23.08,0,1.6302,20,0,0.7,0.7498,0,0,0,0.591157800482137,3.0947,0,3.0947
15,7,28.356,0,2.5002,20,0,0.7,5.1558,0,0,0,0.61483556892204,3.12025,0,3.12025
15,8,26.36,1.28,3.3702,20,0,0.7,3.5698,0,0,0,0.631188601808256,2.84305,0,2.84305
15,9,25.076,3.2,4.0098,20,0,0.7,3.5662,0,0,0,0.647521748703279,2.53435,0,2.53435
15,10,22.112,5.12,4.2,20,0,0.7,2.332,0,0,0,0.658155321276615,2.2792,0,2.2792
15,11,8.996,7.68,4.1202,12.1312077294686,0,0.424592270531401,0,0,0,0,0.65802369021236,2.0629,0,2.0629
15,12,7.652,11.52,3.9,14.7555555555556,0,0.516444444444444,0,0,0,0,0.657892085474317,1.78675,0,1.78675
15,13,10.816,14.08,3.2598,20,0,0.7,0.936200000000003,0,0,0,0.662081430134146,1.4763,0,1.4763
15,14,10.952,14.08,2.6898,20,0,0.7,1.6422,0,0,0,0.669528398463504,1.5862,0,1.5862
15,15,15.152,11.52,3.63,20,0,0.7,2.342,0,0,0,0.680203723553041,1.43745,0,1.43745
15,16,21.66,7.04,3.8202,20,0,0.7,4.1798,0,0,0,0.699359067423716,1.71185,0,1.71185
15,17,17.16,5.12,3.75,14.4015428459812,0,0.504053999609341,3.62440315440949,0,0,0,0.715947210169044,2.0734,0,2.0734
15,18,16.612,3.2,3.1398,8.36156542056075,0,0.292654789719626,8.01797978971963,0,0,0,0.752810081294947,2.14725,0,2.14725
15,19,15.328,1.28,2.61,9.9779984423676,0,0.349229945482866,3.67077161214954,0,0,0,0.769601542103994,2.56235,0,2.56235
15,20,9.416,0,2.1198,10.2069704049844,0,0.357243964174455,0,3.26801436915887,0,0,0.750826457298941,2.62115,0,2.62115
15,21,8.808,0,1.86,11.1950934579439,0,0.391828271028037,0,4.63892172897196,0,0,0.724243689563197,2.8749,0,2.8749
15,22,5.216,0,1.6302,11.7920560747664,0,0.412721962616822,0,8.61897803738318,0,0,0.674987854857289,3.0282,0,3.0282
15,23,6.152,0,1.56,11.5985202492212,0,0.405948208722741,0,7.41246845794392,0,0,0.632616569776665,2.9785,0,2.9785
15,24,8.464,0,1.4802,12.2568146417445,0,0.428988512461059,0,5.7020031542056,0,0,0.6,3.14755,0,3.14755
16,1,13.496,0,1.3698,12.4353582554517,0,0.43523753894081,0,0.744395794392521,0,0,0.59563842852198,3.1934,0,3.1934
16,2,14.084,0,1.0998,12.7447429906542,0,0.446066004672897,0,0.206608995327098,0,0,0.594342041603642,3.27285,0,3.27285
16,3,13.092,0,0.7998,12.9232866043614,0,0.452315031152648,0,1.08340163551402,0,0,0.588049944502934,3.3187,0,3.3187
16,4,20.168,0,0.99,18.5294685990338,0,0.648531400966184,0,0,0,0,0.587932334514033,3.22525,0,3.22525
16,5,19.276,0,1.1802,17.4838647342995,0,0.611935265700483,0,0,0,0,0.587814748047131,3.2571,0,3.2571
16,6,23.08,0,1.6302,20,0,0.7,0.7498,0,0,0,0.591157800482137,3.0947,0,3.0947
16,7,28.356,0,2.5002,20,0,0.7,5.1558,0,0,0,0.61483556892204,3.12025,0,3.12025
16,8,26.36,0,3.3702,20,0,0.7,2.2898,0,0,0,0.625280909500564,2.84305,0,2.84305
16,9,25.076,0,4.0098,20,0,0.7,0.366200000000003,0,0,0,0.626846007164817,2.53435,0,2.53435
16,10,22.112,0,4.2,17.3062801932367,0,0.605719806763285,0,0,0,0,0.626720637963384,2.2792,0,2.2792
16,11,8.996,0,4.1202,8.03309968847352,0,0.281158489096573,0,3.43845817757009,0,0,0.607002939547643,2.0629,0,2.0629
16,12,7.652,1.28,3.9,6.9577492211838,0,0.243521222741433,0,2.16927044392523,0,0,0.594521023609732,1.78675,0,1.78675
16,13,10.816,5.12,3.2598,12.2475362318841,0,0.428663768115942,0,0,0,0,0.59440211940501,1.4763,0,1.4763
16,14,10.952,7.68,2.6898,15.4030917874396,0,0.539108212560386,0,0,0,0,0.594283238981129,1.5862,0,1.5862
16,15,15.152,5.12,3.63,9.70163849431126,0,0.339557347300894,6.60080415838785,0,0,0,0.624629632295123,1.43745,0,1.43745
16,16,21.66,1.28,3.8202,6.66608255451713,0,0.2333128894081,12.2204045560748,0,0,0,0.680906573550548,1.71185,0,1.71185
16,17,17.16,0,3.75,8.07398753894081,0,0.282589563862928,5.05342289719626,0,0,0,0.70409388253059,2.0734,0,2.0734
16,18,16.612,0,3.1398,8.36156542056075,0,0.292654789719626,4.81797978971963,0,0,0,0.72618989355279,2.14725,0,2.14725
16,19,15.328,0,2.61,9.9779984423676,0,0.349229945482866,2.39077161214953,0,0,0,0.737078986091692,2.56235,0,2.56235
16,20,9.416,0,2.1198,10.2069704049844,0,0.357243964174455,0,3.26801436915887,0,0,0.718310405797842,2.62115,0,2.62115
16,21,8.808,0,1.86,11.1950934579439,0,0.391828271028037,0,4.63892172897196,0,0,0.691734141272398,2.8749,0,2.8749
16,22,5.216,0,1.6302,11.7920560747664,0,0.412721962616822,0,8.61897803738318,0,0,0.642484808476148,3.0282,0,3.0282
16,23,6.152,0,1.56,11.5985202492212,0,0.405948208722741,0,7.41246845794392,0,0,0.600120024004801,2.9785,0,2.9785
16,24,8.464,0,1.4802,4.80013765572304,0,0.168004817950306,0,0,0,0,0.6,3.14755,2.01565752632666,1.23267534998968
17,1,9.776,0,1.3698,20,20,1.5,0,33.0938,0,0,0.411311339031339,3.1934,0,3.1934
17,2,13.5,0,1.0998,20,4.7736610256129,0.890946441024516,0,13.2644074666374,0,0,0.335648407437963,3.27285,0,3.27285
17,3,15.392,0,0.7998,20,0,0.7,0,6.1078,0,0,0.300778998554197,3.3187,0,3.3187
17,4,13.312,0,0.99,20,0,0.7,0,8.378,0,0,0.252980951016594,3.22525,0,3.22525
17,5,15.144,0,1.1802,20,0,0.7,0,6.7362,0,0,0.214547448843485,3.2571,0,3.2571
17,6,14.316,0,1.6302,20,0,0.7,0,8.0142,0,0,0.168839582088759,3.0947,0,3.0947
17,7,17.852,14.08,2.5002,20,8.39596153846154,1.03583846153846,0,0,0,0,0.168805814172341,3.12025,0,3.12025
17,8,9.628,25.6,3.3702,20,10.7286538461538,1.12914615384615,0,0,0,0,0.168772053009507,2.84305,0,2.84305
17,9,22.324,37.12,4.0098,20,20,1.5,13.9342,0,0,0,0.233049990906597,2.53435,0,2.53435
17,10,20.928,46.08,4.2,20,20,1.5,21.308,0,0,0,0.331347996293031,2.2792,0,2.2792
17,11,15.996,52.48,4.1202,20,20,1.5,22.8558,0,0,0,0.43677003438608,2.0629,0,2.0629
17,12,14.328,55.04,3.9,20,20,1.5,23.968,0,0,0,0.547304218840741,1.78675,0,1.78675
17,13,12.74,56.32,3.2598,20,20,1.5,24.3002,0,0,0,0.659349527227742,1.4763,0,1.4763
17,14,12.812,56.32,2.6898,20,20,1.5,24.9422,0,0,0,0.774335503476143,1.5862,0,1.5862
17,15,8.256,52.48,3.63,20,20,1.5,15.606,0,0,0,0.84620832868314,1.43745,0,1.43745
17,16,8.556,44.8,3.8202,20,20,1.5,8.03579999999999,0,0,0,0.883127394709711,1.71185,0,1.71185
17,17,15.664,33.28,3.75,20,20,1.5,3.694,0,0,0,0.9,2.0734,0,2.0734
17,18,8.372,24.32,3.1398,20,8.51173076923077,1.04046923076923,0,0,0,0,0.89982,2.14725,0,2.14725
17,19,7.872,11.52,2.61,20,0,0.7,0,3.918,0,0,0.877315249675214,2.56235,0,2.56235
17,20,11.176,0,2.1198,20,0,0.7,0,11.6438,0,0,0.81079334787884,2.62115,0,2.62115
17,21,9.884,0,1.86,20,0,0.7,0,12.676,0,0,0.738403268981344,2.8749,0,2.8749
17,22,9.02,0,1.6302,20,0,0.7,0,13.3102,0,0,0.662413992885952,3.0282,0,3.0282
17,23,6.204,0,1.56,15.0273824226974,0,0.525958384794408,0,10.9093408074918,0,0,0.600120024004801,2.9785,0,2.9785
17,24,16.928,0,1.4802,14.9254106280193,0,0.522389371980676,0,0,0,0,0.6,3.14755,0,3.14755
18,1,9.776,0,1.3698,12.4353582554517,0,0.43523753894081,0,4.46439579439252,0,0,0.574441847325399,3.1934,0,3.1934
18,2,13.5,0,1.0998,12.7447429906542,0,0.446066004672897,0,0.7906089953271,0,0,0.569822064395665,3.27285,0,3.27285
18,3,15.392,0,0.7998,14.0987439613527,0,0.493456038647343,0,0,0,0,0.569708099982786,3.3187,0,3.3187
18,4,13.312,0,0.99,12.5593847352025,0,0.439578465732087,0,0.676963200934576,0,0,0.565736818186524,3.22525,0,3.22525
18,5,15.144,0,1.1802,13.4915942028986,0,0.472205797101449,0,0,0,0,0.565623670822887,3.2571,0,3.2571
18,6,14.316,0,1.6302,12.2568115942029,0,0.428988405797101,0,0,0,0,0.565510546088722,3.0947,0,3.0947
18,7,17.852,0,2.5002,14.8326570048309,0,0.519142995169082,0,0,0,0,0.565397443979505,3.12025,0,3.12025
18,8,9.628,3.2,3.3702,11.0710669781931,0,0.38748734423676,0,2.0007543224299,0,0,0.553884054961194,2.84305,0,2.84305
18,9,22.324,10.88,4.0098,20,8.1675,1.0267,0,0,0,0,0.553773278150201,2.53435,0,2.53435
18,10,20.928,17.92,4.2,20,13.4115384615385,1.23646153846154,0,0,0,0,0.553662523494571,2.2792,0,2.2792
18,11,15.996,24.96,4.1202,20,15.5151923076923,1.32060769230769,0,0,0,0,0.553551790989873,2.0629,0,2.0629
18,12,14.328,31.36,3.9,20,20,1.5,0.288000000000004,0,0,0,0.554770311400905,1.78675,0,1.78675
18,13,12.74,35.84,3.2598,20,20,1.5,3.82020000000001,0,0,0,0.572291049646317,1.4763,0,1.4763
18,14,12.812,37.12,2.6898,20,20,1.5,5.7422,0,0,0,0.59867905297485,1.5862,0,1.5862
18,15,8.256,32,3.63,20,11.354866918499,1.15419467673996,4.11693840476101,0,0,0,0.617560571340075,1.43745,0,1.43745
18,16,8.556,25.6,3.8202,20,0,0.7,9.63580000000001,0,0,0,0.66190998230273,1.71185,0,1.71185
18,17,15.664,19.2,3.75,20,0,0.7,10.414,0,0,0,0.709842215690885,2.0734,0,2.0734
18,18,8.372,9.6,3.1398,14.3306280193237,0,0.501571980676329,0,0,0,0,0.709700247247747,2.14725,0,2.14725
18,19,7.872,3.2,2.61,9.9779984423676,0,0.349229945482866,0,1.86522838785046,0,0,0.698930225216243,2.56235,0,2.56235
18,20,11.176,0,2.1198,10.2069704049844,0,0.357243964174455,0,1.50801436915888,0,0,0.690197764703058,2.62115,0,2.62115
18,21,9.884,0,1.86,11.1950934579439,0,0.391828271028037,0,3.56292172897196,0,0,0.669758176836887,2.8749,0,2.8749
18,22,9.02,0,1.6302,11.7920560747664,0,0.412721962616822,0,4.81497803738318,0,0,0.642188452908738,3.0282,0,3.0282
18,23,6.204,0,1.56,11.5985202492212,0,0.405948208722741,0,7.36046845794392,0,0,0.600120024004801,2.9785,0,2.9785
18,24,16.928,0,1.4802,14.9254106280193,0,0.522389371980676,0,0,0,0,0.6,3.14755,0,3.14755
19,1,9.776,0,1.3698,12.4353582554517,0,0.43523753894081,0,4.46439579439252,0,0,0.574441847325399,3.1934,0,3.1934
19,2,13.5,0,1.0998,12.7447429906542,0,0.446066004672897,0,0.7906089953271,0,0,0.569822064395665,3.27285,0,3.27285
19,3,15.392,0,0.7998,14.0987439613527,0,0.493456038647343,0,0,0,0,0.569708099982786,3.3187,0,3.3187
19,4,13.312,0,0.99,12.5593847352025,0,0.439578465732087,0,0.676963200934576,0,0,0.565736818186524,3.22525,0,3.22525
19,5,15.144,0,1.1802,13.4915942028986,0,0.472205797101449,0,0,0,0,0.565623670822887,3.2571,0,3.2571
19,6,14.316,0,1.6302,12.2568115942029,0,0.428988405797101,0,0,0,0,0.565510546088722,3.0947,0,3.0947
19,7,17.852,0,2.5002,14.8326570048309,0,0.519142995169082,0,0,0,0,0.565397443979505,3.12025,0,3.12025
19,8,9.628,1.28,3.3702,11.0710669781931,0,0.38748734423676,0,3.9207543224299,0,0,0.542943884021023,2.84305,0,2.84305
19,9,22.324,3.2,4.0098,20,0,0.7,0.814200000000003,0,0,0,0.546593141398065,2.53435,0,2.53435
19,10,20.928,5.12,4.2,20,0,0.7,1.148,0,0,0,0.551782284308247,2.2792,0,2.2792
19,11,15.996,7.68,4.1202,18.8944927536232,0,0.661307246376811,0,0,0,0,0.551671927851385,2.0629,0,2.0629
19,12,14.328,11.52,3.9,20,0,0.7,1.248,0,0,0,0.557321593465815,1.78675,0,1.78675
19,13,12.74,14.08,3.2598,20,0,0.7,2.8602,0,0,0,0.570411052224045,1.4763,0,1.4763
19,14,12.812,14.08,2.6898,20,0,0.7,3.5022,0,0,0,0.5864609700136,1.5862,0,1.5862
19,15,8.256,11.52,3.63,5.59754672897196,0,0.195914135514019,10.352539135514,0,0,0,0.634124627675816,1.43745,0,1.43745
19,16,8.556,7.04,3.8202,6.66608255451713,0,0.2333128894081,4.87640455607477,0,0,0,0.656504285316779,1.71185,0,1.71185
19,17,15.664,5.12,3.75,8.07398753894081,0,0.282589563862928,8.67742289719626,0,0,0,0.696422628600622,2.0734,0,2.0734
19,18,8.372,3.2,3.1398,8.36156542056075,0,0.292654789719626,0,0.222020210280373,0,0,0.695018271651652,2.14725,0,2.14725
19,19,7.872,1.28,2.61,9.9779984423676,0,0.349229945482866,0,3.78522838785046,0,0,0.673311015075096,2.56235,0,2.56235
19,20,11.176,0,2.1198,10.2069704049844,0,0.357243964174455,0,1.50801436915888,0,0,0.66458367840394,2.62115,0,2.62115
19,21,9.884,0,1.86,11.1950934579439,0,0.391828271028037,0,3.56292172897196,0,0,0.644149213355028,2.8749,0,2.8749
19,22,9.02,0,1.6302,11.7920560747664,0,0.412721962616822,0,4.81497803738318,0,0,0.616584611219576,3.0282,0,3.0282
19,23,6.204,0,1.56,8.64970750733958,0,0.302739762756885,0,5.10555791442825,0,0,0.587369796209422,2.9785,0.797110644331784,2.22124488788481
19,24,16.928,0,1.4802,12.2568146417445,0,0.428988512461059,2.7619968457944,0,0,0,0.6,3.14755,0,3.14755
20,1,9.776,0,1.3698,12.4353582554517,0,0.43523753894081,0,4.46439579439252,0,0,0.574441847325399,3.1934,0,3.1934
20,2,13.5,0,1.0998,12.7447429906542,0,0.446066004672897,0,0.7906089953271,0,0,0.569822064395665,3.27285,0,3.27285
20,3,15.392,0,0.7998,14.0987439613527,0,0.493456038647343,0,0,0,0,0.569708099982786,3.3187,0,3.3187
20,4,13.312,0,0.99,12.5593847352025,0,0.439578465732087,0,0.676963200934576,0,0,0.565736818186524,3.22525,0,3.22525
20,5,15.144,0,1.1802,13.4915942028986,0,0.472205797101449,0,0,0,0,0.565623670822887,3.2571,0,3.2571
20,6,14.316,0,1.6302,12.2568115942029,0,0.428988405797101,0,0,0,0,0.565510546088722,3.0947,0,3.0947
20,7,17.852,0,2.5002,14.8326570048309,0,0.519142995169082,0,0,0,0,0.565397443979505,3.12025,0,3.12025
20,8,9.628,0,3.3702,11.0710669781931,0,0.38748734423676,0,5.2007543224299,0,0,0.535650436727575,2.84305,0,2.84305
20,9,22.324,0,4.0098,17.6948792270531,0,0.61932077294686,0,0,0,0,0.53554330664023,2.53435,0,2.53435
20,10,20.928,0,4.2,16.1623188405797,0,0.56568115942029,0,0,0,0,0.535436197978902,2.2792,0,2.2792
20,11,15.996,0,4.1202,11.4742028985507,0,0.401597101449275,0,0,0,0,0.535329110739306,2.0629,0,2.0629
20,12,14.328,1.28,3.9,11.312077294686,0,0.39592270531401,0,0,0,0,0.535222044917158,1.78675,0,1.78675
20,13,12.74,5.12,3.2598,5.74883177570093,0,0.201209112149533,8.65015911214953,0,0,0,0.575038811795019,1.4763,0,1.4763
20,14,12.812,7.68,2.6898,6.17679127725857,0,0.21618769470405,11.4092210280374,0,0,0,0.627581747238986,1.5862,0,1.5862
20,15,8.256,5.12,3.63,5.59754672897196,0,0.195914135514019,3.95253913551402,0,0,0,0.645698719207295,1.43745,0,1.43745
20,16,8.556,1.28,3.8202,6.66608255451713,0,0.2333128894081,0,0.88359544392523,0,0,0.640534847589236,1.71185,0,1.71185
20,17,15.664,0,3.75,8.07398753894081,0,0.282589563862928,3.55742289719626,0,0,0,0.656825615529855,2.0734,0,2.0734
20,18,8.372,0,3.1398,8.36156542056075,0,0.292654789719626,0,3.42202021028037,0,0,0.637195559749881,2.14725,0,2.14725
20,19,7.872,0,2.61,9.9779984423676,0,0.349229945482866,0,5.06522838785046,0,0,0.608206420422258,2.56235,0,2.56235
20,20,11.176,0,2.1198,10.2069704049844,0,0.357243964174455,0,1.50801436915888,0,0,0.599492104670032,2.62115,0,2.62115
20,21,9.884,0,1.86,6.92282882529971,0,0.24229900888549,0,0.295988421198922,0,0,0.597685662538563,2.8749,1.15486058701372,1.77778244233697
20,22,9.02,0,1.6302,5.49536788491982,0,0.192337875972194,0,0,0,0,0.597566125406055,3.0282,1.70209423910799,1.41121047284741
20,23,6.204,0,1.56,4.28571428571429,0,0.15,0,1.76848120300752,0,0,0.587369796209422,2.9785,1.97676691729323,1.10057142857143
20,24,16.928,0,1.4802,12.2568146417445,0,0.428988512461059,2.7619968457944,0,0,0,0.6,3.14755,0,3.14755
21,1,9.448,0,1.3698,20,0,0.7,0,12.6218,0,0,0.527960911680912,3.1934,0,3.1934
21,2,10.504,0,1.0998,20,0,0.7,0,11.2958,0,0,0.463491786735043,3.27285,0,3.27285
21,3,11.788,0,0.7998,20,0,0.7,0,9.7118,0,0,0.408061196639804,3.3187,0,3.3187
21,4,11.504,0,0.99,17.5798446303365,0,0.615294562061776,0,7.68113919239824,0,0,0.364212409515016,3.22525,0,3.22525
21,5,11.16,0,1.1802,12.6834112149533,0,0.443919392523364,0,3.14753060747663,0,0,0.346204919697064,3.2571,0,3.2571
21,6,10.964,0,1.6302,12.0510124610592,0,0.421785436137072,0,3.13899789719626,0,0,0.328249650808872,3.0947,0,3.0947
21,7,10.744,14.08,2.5002,19.5592270531401,2,0.764572946859903,0,0,0,0,0.32818400087871,3.12025,0,3.12025
21,8,10.34,25.6,3.3702,20,11.4132692307692,1.15653076923077,0,0,0,0,0.328118364078535,2.84305,0,2.84305
21,9,9.672,37.12,4.0098,20,20,1.5,1.2822,0,0,0,0.333970586559565,2.53435,0,2.53435
21,10,6.948,46.08,4.2,20,20,1.5,7.328,0,0,0,0.367725330903792,2.2792,0,2.2792
21,11,6.04,52.48,4.1202,20,20,1.5,12.8998,0,0,0,0.42718932429915,2.0629,0,2.0629
21,12,6.06,55.04,3.9,20,20,1.5,15.7,0,0,0,0.499565424895828,1.78675,0,1.78675
21,13,6.528,56.32,3.2598,20,20,1.5,18.0882,0,0,0,0.582949511810849,1.4763,0,1.4763
21,14,5.768,56.32,2.6898,20,20,1.5,17.8982,0,0,0,0.665439998831564,1.5862,0,1.5862
21,15,5.432,52.48,3.63,20,20,1.5,12.782,0,0,0,0.724300756985644,1.43745,0,1.43745
21,16,5.368,44.8,3.8202,20,20,1.5,4.8478,0,0,0,0.746530358372708,1.71185,0,1.71185
21,17,6.656,33.28,3.75,20,14.8903846153846,1.29561538461538,0,0,0,0,0.746381052301034,2.0734,0,2.0734
21,18,8.408,24.32,3.1398,20,8.54634615384616,1.04185384615385,0,0,0,0,0.746231776090573,2.14725,0,2.14725
21,19,10.808,11.52,2.61,19.0512077294686,0,0.666792270531401,0,0,0,0,0.746082529735355,2.56235,0,2.56235
21,20,9.604,0,2.1198,10.2069704049844,0,0.357243964174455,0,3.08001436915887,0,0,0.728383373804002,2.62115,0,2.62115
21,21,6.832,0,1.86,11.1950934579439,0,0.391828271028037,0,6.61492172897196,0,0,0.690545835425697,2.8749,0,2.8749
21,22,8.384,0,1.6302,11.7920560747664,0,0.412721962616822,0,5.45097803738317,0,0,0.659348022341899,3.0282,0,3.0282
21,23,7.688,0,1.56,11.5985202492212,0,0.405948208722741,0,5.87646845794392,0,0,0.625732001979915,2.9785,0,2.9785
21,24,9.672,0,1.4802,12.2568146417445,0,0.428988512461059,0,4.4940031542056,0,0,0.6,3.14755,0,3.14755
22,1,9.448,0,1.3698,12.4353582554517,0,0.43523753894081,0,4.79239579439252,0,0,0.572572901456453,3.1934,0,3.1934
22,2,10.504,0,1.0998,12.7447429906542,0,0.446066004672897,0,3.7866089953271,0,0,0.550882267244668,3.27285,0,3.27285
22,3,11.788,0,0.7998,12.9232866043614,0,0.452315031152648,0,2.38740163551402,0,0,0.537168662668632,3.3187,0,3.3187
22,4,11.504,0,0.99,12.5593847352025,0,0.439578465732087,0,2.48496320093457,0,0,0.522901894457839,3.22525,0,3.22525
22,5,11.16,0,1.1802,12.6834112149533,0,0.443919392523364,0,3.14753060747663,0,0,0.504862666742898,3.2571,0,3.2571
22,6,10.964,0,1.6302,12.0510124610592,0,0.421785436137072,0,3.13899789719626,0,0,0.486875666305297,3.0947,0,3.0947
22,7,10.744,0,2.5002,12.1505062305296,0,0.425267718068536,0,4.33197394859813,0,0,0.462094678929312,3.12025,0,3.12025
22,8,10.34,3.2,3.3702,11.0710669781931,0,0.38748734423676,0,1.2887543224299,0,0,0.454658930520991,2.84305,0,2.84305
22,9,9.672,10.88,4.0098,15.9828019323672,0,0.55939806763285,0,0,0,0,0.454567998734887,2.53435,0,2.53435
22,10,6.948,17.92,4.2,19.9690821256039,0,0.698917874396135,0,0,0,0,0.45447708513514,2.2792,0,2.2792
22,11,6.04,24.96,4.1202,20,5.94211538461539,0.937684615384615,0,0,0,0,0.454386189718113,2.0629,0,2.0629
22,12,6.06,31.36,3.9,20,7.94332635500309,1.01773305420012,4.55894059079679,0,0,0,0.475336576745385,1.78675,0,1.78675
22,13,6.528,35.84,3.2598,20,0,0.7,18.4082,0,0,0,0.560202432506959,1.4763,0,1.4763
22,14,5.768,37.12,2.6898,20,0,0.7,19.4982,0,0,0,0.65008208432815,1.5862,0,1.5862
22,15,5.432,32,3.63,20,0,0.7,13.102,0,0,0,0.710422837142054,1.43745,0,1.43745
22,16,5.368,25.6,3.8202,20,0,0.7,6.4478,0,0,0,0.740039829497702,1.71185,0,1.71185
22,17,6.656,19.2,3.75,20,0,0.7,1.406,0,0,0,0.746381052301034,2.0734,0,2.0734
22,18,8.408,9.6,3.1398,14.3654106280193,0,0.502789371980676,0,0,0,0,0.746231776090573,2.14725,0,2.14725
22,19,10.808,3.2,2.61,11.0125603864734,0,0.38543961352657,0,0,0,0,0.746082529735355,2.56235,0,2.56235
22,20,9.604,0,2.1198,10.2069704049844,0,0.357243964174455,0,3.08001436915887,0,0,0.728383373804002,2.62115,0,2.62115
22,21,6.832,0,1.86,11.1950934579439,0,0.391828271028037,0,6.61492172897196,0,0,0.690545835425697,2.8749,0,2.8749
22,22,8.384,0,1.6302,11.7920560747664,0,0.412721962616822,0,5.45097803738317,0,0,0.659348022341899,3.0282,0,3.0282
22,23,7.688,0,1.56,11.5985202492212,0,0.405948208722741,0,5.87646845794392,0,0,0.625732001979915,2.9785,0,2.9785
22,24,9.672,0,1.4802,12.2568146417445,0,0.428988512461059,0,4.4940031542056,0,0,0.6,3.14755,0,3.14755
23,1,9.448,0,1.3698,12.4353582554517,0,0.43523753894081,0,4.79239579439252,0,0,0.572572901456453,3.1934,0,3.1934
23,2,10.504,0,1.0998,12.7447429906542,0,0.446066004672897,0,3.7866089953271,0,0,0.550882267244668,3.27285,0,3.27285
23,3,11.788,0,0.7998,12.9232866043614,0,0.452315031152648,0,2.38740163551402,0,0,0.537168662668632,3.3187,0,3.3187
23,4,11.504,0,0.99,12.5593847352025,0,0.439578465732087,0,2.48496320093457,0,0,0.522901894457839,3.22525,0,3.22525
23,5,11.16,0,1.1802,12.6834112149533,0,0.443919392523364,0,3.14753060747663,0,0,0.504862666742898,3.2571,0,3.2571
23,6,10.964,0,1.6302,12.0510124610592,0,0.421785436137072,0,3.13899789719626,0,0,0.486875666305297,3.0947,0,3.0947
23,7,10.744,0,2.5002,12.1505062305296,0,0.425267718068536,0,4.33197394859813,0,0,0.462094678929312,3.12025,0,3.12025
23,8,10.34,1.28,3.3702,11.0710669781931,0,0.38748734423676,0,3.2087543224299,0,0,0.44371875958082,2.84305,0,2.84305
23,9,9.672,3.2,4.0098,9.86896417445483,0,0.345413746105919,0,1.35217792056075,0,0,0.435925298332831,2.53435,0,2.53435
23,10,6.948,5.12,4.2,8.46527276074624,0,0.296284546626118,0,1.004418312678,0,0,0.430114932004344,2.2792,0.110861005305648,2.17388204495963
23,11,6.04,7.68,4.1202,8.03309968847352,0,0.281158489096573,1.28554182242991,0,0,0,0.43596217896762,2.0629,0,2.0629
23,12,6.06,11.52,3.9,6.9577492211838,0,0.243521222741433,6.47872955607477,0,0,0,0.465776815252171,1.78675,0,1.78675
23,13,6.528,14.08,3.2598,5.74883177570093,0,0.201209112149533,11.3981591121495,0,0,0,0.518290548099042,1.4763,0,1.4763
23,14,5.768,14.08,2.6898,6.17679127725857,0,0.21618769470405,10.7652210280374,0,0,0,0.567872525503441,1.5862,0,1.5862
23,15,5.432,11.52,3.63,5.59754672897196,0,0.195914135514019,7.52853913551402,0,0,0,0.602506054700713,1.43745,0,1.43745
23,16,5.368,7.04,3.8202,6.66608255451713,0,0.2333128894081,1.68840455607477,0,0,0,0.610178189902425,1.71185,0,1.71185
23,17,6.656,5.12,3.75,7.64168215293551,0,0.267458875352743,0,0,0,0,0.610056154264445,2.0734,0.116858971711749,1.96238397687384
23,18,8.408,3.2,3.1398,8.11830132837773,0,0.28414054649322,0,0,0,0,0.609934143033592,2.14725,0.0657581251290525,2.0847797811274
23,19,10.808,1.28,2.61,8.86743753871567,0,0.310360313855049,0,0,0,0,0.609812156204985,2.56235,0.300202147429279,2.27715795994219
23,20,9.604,0,2.1198,6.17914515795994,0,0.216270080528598,0,0,0,0,0.609690193773744,2.62115,1.08878476151146,1.58680447656411
23,21,6.832,0,1.86,4.28571428571429,0,0.15,0,1.33142857142857,0,0,0.601981768148502,2.8749,1.86771428571429,1.10057142857143
23,22,8.384,0,1.6302,4.66365200633216,0,0.163227820221626,0,0,0,0,0.601861371794872,3.0282,1.92692017344621,1.1976258352261
23,23,7.688,0,1.56,4.28571428571429,0,0.15,0,0.284481203007519,0,0,0.600120024004801,2.9785,1.97676691729323,1.10057142857143
23,24,9.672,0,1.4802,6.37987473329204,0,0.223295615665221,0,0,0,0,0.6,3.14755,1.58862965104274,1.6383518315094
24,1,9.448,0,1.3698,6.68831393639419,0,0.234090987773797,0,0.397721746414274,0,0,0.597613779222711,3.1934,1.55351682224629,1.71755901886603
24,2,10.504,0,1.0998,7.79288439136696,0,0.272750953697843,0,9.11693184405352e-07,0,0,0.597494251272033,3.27285,1.33856556662838,2.00121271170303
24,3,11.788,0,0.7998,9.80121137036272,0,0.343042397962695,0,0,0,0,0.597374752421779,3.3187,0.843946231674581,2.51695107990915
24,4,11.504,0,0.99,9.30972537683254,0,0.325840388189139,0,0,0,0,0.597255277471294,3.22525,0.878434234978318,2.3907374767706
24,5,11.16,0,1.1802,8.56729300020648,0,0.299855255007227,0,0,0,0,0.5971358264158,3.2571,1.11265174478629,2.20008084245303
24,6,10.964,0,1.6302,7.94605272214192,0,0.278111845274967,0,0,0,0,0.597016399250517,3.0947,1.10963543258311,2.04054633904605
24,7,10.744,0,2.5002,6.48545667286118,0,0.226990983550141,0,0,0,0,0.596896995970667,3.12025,1.53135234358868,1.66546527359075
24,8,10.34,0,3.3702,5.20099112120587,0,0.182034689242205,0,0,0,0,0.596777616571473,2.84305,1.58677418955193,1.33561451992567
24,9,9.672,0,4.0098,4.28571415149937,0,0.149999995302478,0,0.282754784586016,0,0,0.595047122674449,2.53435,1.50924063778417,1.10057139410504
24,10,6.948,0,4.2,0,0,0,0.348842207895326,0,0,0,0.596538154209431,2.2792,2.39915789473684,0
24,11,6.04,0,4.1202,0,0,0,0,0.251673581578331,0,0,0.594984809076718,2.0629,2.17147368421053,0
24,12,6.06,1.28,3.9,4.28571415149937,0,0.149999995302478,0,1.71800741616497,0,0,0.585076596068379,1.78675,0.722293269363117,1.10057139410504
24,13,6.528,5.12,3.2598,5.74883177570093,0,0.201209112149533,2.43815911214953,0,0,0,0.59621262280524,1.4763,0,1.4763
24,14,5.768,7.68,2.6898,6.17679127725858,0,0.21618769470405,4.36522102803737,0,0,0,0.616240554256236,1.5862,0,1.5862
24,15,5.432,5.12,3.63,5.59754672897196,0,0.195914135514019,1.12853913551402,0,0,0,0.621325948309296,1.43745,0,1.43745
24,16,5.368,1.28,3.8202,4.28571428571429,0,0.15,0,2.25136541353383,0,0,0.608373390165025,1.71185,0.643451127819549,1.10057142857143
24,17,6.656,0,3.75,0,0,0,0.723473786842527,0,0,0,0.611590825272419,2.0734,2.18252631578947,4.44089209850063e-16
24,18,8.408,0,3.1398,4.28571415149937,0,0.149999995302478,0,0.269281100375492,0,0,0.60993414186306,2.14725,1.10176695357364,1.10057139410504
24,19,10.808,0,2.61,7.19354394658958,0,0.251774038130635,0,0,0,0,0.609812155034687,2.56235,0.752682015279785,1.8473020854842
24,20,9.604,0,2.1198,6.17914515795994,0,0.216270080528598,0,0,0,0,0.609690192603681,2.62115,1.08878476151146,1.58680447656411
24,21,6.832,0,1.86,4.28571415149937,0,0.149999995302478,0,1.33142846879654,0,0,0.60198176756347,2.8749,1.8677143219947,1.10057139410504
24,22,8.384,0,1.6302,4.66365200633216,0,0.163227820221626,0,0,0,0,0.601861371209957,3.0282,1.92692017344621,1.1976258352261
24,23,7.688,0,1.56,4.28571415149937,0,0.149999995302478,0,0.284481100375492,0,0,0.600120024004801,2.9785,1.97676695357364,1.10057139410504
24,24,9.672,0,1.4802,6.37987473329204,0,0.223295615665221,0,0,0,0,0.6,3.14755,1.58862965104274,1.6383518315094
